-1014.2289,-860.1824,-1318.9974,-1136.4011,-1488.3793,-1505.1271,-1100.9851,-1190.4836,-1159.9866,-1313.3514
-1393.1742,-1701.4612,-1522.7483,-1774.5234,-1178.0159,-1216.7312,-1583.1549,-1416.5734,-1754.6888,-1385.4423
-825.52155,-1343.8496,-1070.1445,-1136.8634,-907.98346,-1753.2156,-1609.1802,-1324.1504,-1256.8434,-1096.4512
-1385.1017,-1091.3021,-1496.224,-1007.604,-778.24274,-785.03687,-1271.6211,-1045.8254,-1167.05,-964.8412
-952.7976,-1132.4623,-1048.6351,-1643.3403,-922.9002,-1435.7877,-1188.523,-1306.3549,-1594.6935,-1376.4594
-1821.6575,-992.0313,-1700.3325,-1645.8147,-1325.1859,-1564.8458,-1102.5043,-771.71875,-1219.9829,-1128.019
-1161.6251,-1147.8062,-1120.9672,-1193.8285,-1231.3983,-1065.0315,-1628.5118,-1050.2028,-953.00995,-1000.43744
-1889.923,-1221.4568,-1031.6938,-1439.7539,-1312.2476,-1097.4158,-1229.5452,-1070.5851,-1021.3408,-1019.3493
-1393.6079,-968.0738,-1047.2552,-1226.675,-1318.2957,-1281.3121,-1392.0897,-1390.5232,-1182.0856,-966.1921
-1747.0818,-942.6826,-1846.3318,-1542.1494,-994.04285,-1072.984,-1486.1089,-1453.9475,-1591.8816,-1401.2634
-1271.7306,-1083.3958,-1043.5876,-1565.12,-969.114,-1668.9407,-1479.5907,-1545.9249,-1180.0131,-1405.2694
-1853.8652,-900.60284,-1315.2335,-1624.4792,-897.99493,-1355.6549,-1011.7401,-1112.5499,-900.4405,-972.33435
-1323.3319,-1717.1444,-1672.9746,-1480.9938,-898.8232,-1195.5901,-1172.992,-1192.1753,-1591.0931,-1161.3182
-1052.8796,-1339.5117,-1030.2198,-1386.7505,-1774.192,-1118.4225,-1616.9125,-1484.7401,-850.77576,-1048.9918
-1373.541,-1337.6528,-1064.7616,-1155.4353,-1651.1522,-1432.0555,-972.5296,-1456.02,-1365.0339,-963.0775
-1503.7338,-1384.4902,-1047.6372,-1361.905,-915.11334,-1314.4716,-1350.724,-1216.6171,-1070.6455,-965.5861
-1752.5149,-1070.5006,-1163.9788,-1265.0648,-1512.0203,-886.54596,-1282.7067,-1298.4562,-1228.8972,-1080.1124
-1233.887,-1598.2887,-1130.835,-1183.6155,-1174.3655,-1301.1833,-1110.0443,-762.5543,-1196.8965,-1037.4381
-964.7749,-908.45294,-1783.5563,-1081.0673,-1072.1953,-1440.0006,-1504.9427,-1193.4003,-1520.2122,-1890.9116
-862.0227,-1250.6614,-1178.2112,-1684.0186,-1431.0074,-1471.7753,-1174.5256,-1664.5734,-1713.9507,-1068.9083
-1203.2145,-1744.8529,-1107.3358,-1344.9342,-1249.6929,-1501.3997,-961.67365,-1712.0962,-1609.8037,-1457.5166
-1264.931,-1066.3843,-1772.8014,-1763.0226,-1543.6713,-1665.9966,-1609.1678,-1035.0562,-1294.9358,-1496.0637
-1784.5099,-1792.9939,-1041.2402,-1545.4336,-1519.5754,-1564.9935,-1822.0564,-874.959,-1359.0413,-1454.4144
-1466.69,-764.6774,-1787.502,-1582.1011,-1440.8842,-1528.3384,-1420.9664,-1073.8325,-1538.4133,-1588.4304
-1778.81,-768.87476,-1198.2819,-1712.6239,-1535.8479,-1888.073,-1305.2898,-1226.296,-1598.2942,-1539.7076
-1810.9485,-990.0789,-1233.5864,-1532.7104,-1436.4171,-1460.5197,-1870.5862,-1420.8634,-1283.0872,-1725.9402
-1686.4082,-1064.455,-1765.1558,-1545.3629,-1599.8215,-1608.6263,-1534.7678,-1270.7911,-1375.5511,-1258.6398
-1731.5835,-1683.9712,-1813.0447,-1491.7694,-1426.7394,-1698.2317,-1451.7869,-1303.6222,-1496.0625,-1704.8197
-1577.2205,-1445.7491,-1725.9674,-1813.2097,-1408.57,-1420.3899,-1442.681,-1221.4912,-1736.7866,-1565.6599
-1427.7712,-1470.6913,-1240.1492,-1767.7021,-1511.9985,-1335.3268,-1386.5032,-1385.3546,-1772.3423,-1720.5422
-1291.0483,-698.12415,-1505.3071,-1731.8895,-1472.3154,-1631.2119,-1232.2277,-1425.43,-1549.4846,-1534.5902
-1262.984,-1071.9873,-1349.8126,-1293.1151,-1420.9471,-1372.8422,-1377.5874,-1099.778,-1202.8079,-1078.5769
-1399.7284,-1066.7217,-1030.224,-1457.9724,-1548.4963,-1426.2242,-1310.7294,-1382.2847,-1752.1835,-1244.6361
-1234.492,-1457.262,-1324.3745,-1242.4658,-1419.94,-1119.0275,-1429.4658,-1319.4564,-1451.2134,-1464.8577
-1408.8126,-1093.3053,-1142.962,-1108.0083,-1384.8651,-1230.8856,-1304.8015,-1305.9257,-1266.2314,-1497.8197
-1328.0422,-1296.3083,-1432.339,-1041.7634,-1354.3168,-1379.7728,-1365.6031,-1778.7725,-1387.0459,-1194.87
-1231.4796,-1607.2087,-1298.0157,-1232.9662,-1542.9688,-1025.1741,-1530.369,-1183.829,-1391.3129,-1734.7664
-1334.0657,-1407.6509,-1285.4744,-1155.5784,-1587.8145,-1007.0715,-1342.0829,-883.59454,-1357.6963,-1114.3964
-1377.7122,-1622.0737,-1265.0914,-1241.6101,-1321.2305,-1117.064,-1008.02277,-1288.3296,-970.8815,-1455.3223
-1371.1805,-1200.3562,-863.022,-1285.7845,-1106.5122,-982.9215,-1199.8326,-969.5914,-1236.8582,-997.8198
-1098.7385,-1082.2839,-1107.6254,-1262.0831,-1190.8922,-998.0394,-1162.9661,-1147.6486,-1093.0364,-1236.9772
-1220.1924,-863.55115,-1091.8358,-869.77277,-1087.2295,-1101.9868,-1195.2823,-1269.287,-1023.39734,-1135.4569
-1242.4829,-1355.5299,-1289.0055,-772.27094,-751.81146,-942.57355,-1124.5663,-1109.6986,-1364.9701,-943.26276
-730.3714,-1195.1483,-1111.74,-992.0203,-1085.4003,-864.2913,-1314.085,-960.7516,-1572.7631,-945.4138
-1070.2979,-982.9092,-880.2754,-896.6184,-980.46423,-976.97723,-1184.3835,-1090.991,-865.6125,-1095.9916
-1168.3751,-983.12775,-861.298,-1179.6847,-960.88525,-1109.7258,-915.974,-1161.9811,-752.6081,-1732.6207
-1101.4008,-976.3419,-1113.9824,-1155.3907,-864.0439,-1100.4478,-1214.1299,-1089.8853,-868.3367,-1120.4163
-1231.2062,-978.39294,-1086.1155,-1155.0122,-1029.2383,-869.9465,-1423.1163,-1256.5836,-749.46466,-751.6885
-853.9239,-1148.1968,-867.4364,-1092.7203,-977.49713,-980.785,-1283.6848,-978.66034,-1021.76056,-866.28986
-859.6281,-1243.113,-758.25256,-1118.2673,-671.52655,-1105.2523,-1256.8849,-1459.1512,-877.893,-875.15015
-1226.672,-771.22266,-946.0695,-872.10187,-788.1532,-751.0005,-961.7754,-1467.7714,-978.74664,-977.9239
-1273.3555,-977.4772,-739.6894,-620.9381,-877.1725,-742.12213,-1086.4822,-1205.0793,-1040.0085,-1017.34595
-854.51764,-863.6034,-625.3138,-987.13403,-965.3717,-1001.01166,-1035.5448,-768.75854,-964.841,-977.251
-979.5132,-975.45435,-749.1744,-759.3726,-1197.1395,-895.9236,-977.9784,-882.435,-869.41785,-891.23303
-765.97296,-744.13934,-633.90857,-588.2845,-1102.1289,-865.07806,-1342.4792,-1085.7797,-835.3493,-778.2227
-853.9035,-1089.2867,-634.96,-755.1672,-962.5944,-758.71643,-1152.4746,-1334.387,-1090.3044,-1127.3386
-757.12994,-769.1998,-863.2512,-876.338,-980.9531,-877.53265,-1139.1837,-1098.1228,-1119.9193,-992.23517
-762.3936,-1021.3928,-947.592,-769.7855,-672.16504,-814.254,-1092.3999,-872.87396,-852.12164,-869.6389
-901.054,-770.52765,-620.1526,-862.301,-1024.0161,-911.0907,-946.37665,-629.77997,-1048.5094,-898.43414
-942.4539,-895.86676,-627.1782,-754.694,-995.63763,-1006.27893,-1155.6407,-637.1171,-978.93494,-848.8806
-1096.473,-980.0907,-853.8541,-1472.4812,-641.9255,-752.5868,-962.34174,-714.5596,-942.4553,-1135.9563
-893.59076,-1265.7458,-878.6909,-774.1522,-626.681,-767.24915,-868.543,-747.66296,-1105.2202,-896.09735
-957.1411,-761.0167,-607.43945,-760.30273,-687.1059,-1022.4985,-1118.9087,-632.01,-1052.4126,-1034.534
-572.70825,-1172.5488,-619.50085,-764.5636,-608.4764,-947.5917,-860.0454,-1231.0813,-929.9852,-892.3231
-1054.7484,-1348.8372,-502.20178,-723.59,-249.30399,-852.1917,-984.5304,-502.8005,-1118.0967,-1033.9187
-1048.6228,-856.35583,-862.3969,-736.58453,-126.12351,-760.2862,-1147.8801,-745.6001,-1116.6301,-908.4906
-1174.6255,-655.03766,-737.21594,-873.86816,-1062.7075,-746.8891,-736.4773,-727.7867,-1156.8933,-1040.507
-892.7852,-1112.9971,-735.66595,-775.1398,-737.8986,-792.83594,-1006.36304,-897.16705,-1004.46875,-1099.999
-1217.0541,-894.2762,-763.47516,-785.6934,-127.18112,-632.22296,-815.3026,-981.5563,-995.4624,-892.24207
-1028.9299,-1233.9225,-357.85934,-670.95197,-1460.3258,-575.65826,-1292.4492,-739.25726,-797.50665,-763.8391
-1123.185,-1033.5176,-246.79085,-1684.2756,-126.47517,-506.28024,-1087.1082,-1147.6595,-637.6013,-1044.976
-1243.4806,-1056.5745,-242.14984,-874.4561,-859.8166,-614.15594,-1294.3845,-509.27386,-784.03296,-625.65137
-1269.8651,-767.97546,-245.69855,-822.3515,-493.46014,-381.39517,-1197.2708,-1283.9484,-851.12494,-630.2359
-1033.571,-1169.1749,-121.983284,-1022.8783,-242.87424,-448.43796,-936.79517,-507.33176,-646.2305,-499.74194
-1010.1257,-908.5859,-494.14435,-1024.3993,-371.11844,-367.50613,-1221.5415,-716.0486,-742.53723,-377.78125
-1104.9277,-879.98267,-615.9588,-1095.019,-371.8305,-250.6474,-1021.5543,-1149.9214,-501.40607,-127.433945
-1251.1938,-949.49054,-609.71094,-126.086174,-127.80517,-492.93497,-1049.1378,-745.82025,-127.86726,-246.71568
-1158.4762,-1029.9357,-486.39694,-125.528175,-126.325676,-121.13962,-1034.6145,-504.59528,-492.6152,-632.65076
-1232.6652,-870.78094,-250.50385,-369.703,-1080.609,-126.80856,-873.44415,-1234.4558,-493.11536,-1184.7596
-920.4961,-857.18353,-124.4491,-368.07056,-487.61972,-369.47562,-902.64557,-501.1441,-123.31486,-1033.5906
-1097.2213,-125.648445,-125.40938,-762.4969,-356.49622,-245.79099,-881.00653,-365.97003,-862.04205,-126.05269
-927.3448,-253.37344,-247.88477,-721.9281,-125.80299,-126.235344,-879.22363,-1235.0021,-1221.2781,-1078.3983
-824.2836,-1062.6942,-124.44938,-249.38089,-249.60916,-124.59314,-876.7777,-861.3111,-488.07755,-1065.9918
-907.8029,-126.38051,-628.36127,-127.05063,-122.75948,-247.72603,-770.9229,-1146.1018,-362.43402,-1092.8175
-963.2776,-617.77826,-0.26638848,-125.62827,-243.63197,-762.1208,-869.7312,-993.0256,-1.1592363,-1506.162
-907.2472,-124.54721,-127.25207,-363.07138,-125.322495,-2.1827726,-745.81226,-380.5633,-122.52154,-126.93861
-883.0001,-1318.1904,-503.32712,-252.70764,-371.92694,-125.157906,-748.9283,-127.35237,-362.68924,-125.352325
-786.8936,-1002.0942,-364.58505,-622.66254,-125.49449,-362.78265,-643.8486,-1021.3355,-979.4613,-479.57266
-1114.3341,-604.486,-364.44174,-496.6013,-496.23767,-779.7787,-865.04596,-1.611494,-612.6239,-492.05197
-902.8959,-1054.4973,-0.44054654,-244.08238,-244.50163,-618.85535,-746.3752,-743.20374,-360.1634,-375.06058
-900.9506,-485.11853,-126.64987,-486.62573,-123.75713,-749.5947,-627.3151,-125.22177,-610.4944,-126.67563
-932.24677,-246.69635,-122.70653,-1565.0355,-514.7749,-124.16786,-594.2218,-887.4283,-369.5593,-126.078064
-1230.9392,-753.6285,-125.56347,-123.9153,-246.36433,-242.8561,-598.345,-0.5535147,-361.4728,-123.59655
-983.488,-1007.3175,-472.83182,-596.15173,-124.133,-125.58928,-624.0581,-124.49006,-355.80304,-609.0146
-671.9992,-0.7088958,-122.477356,-369.95056,-123.73217,-601.37866,-519.41284,-124.02271,-125.60895,-244.1086
-872.4452,-364.05447,-124.55829,-1002.96277,-497.6538,-244.00003,-383.41147,-358.44757,-938.1976,-125.43153
-738.11194,-898.3111,-492.0999,-364.9428,-596.3103,-1.8346815,-606.5408,-1052.0609,-730.9231,-247.88599
-1140.9259,-737.631,-122.48842,-484.56873,-246.56784,-122.051895,-1262.1907,-614.4373,-744.2679,-364.18137
-860.3028,-760.04944,-361.79367,-869.8344,-239.5381,-371.70047,-376.81564,-359.07297,-246.24937,-1031.7062
-617.99274,-368.21677,-124.13936,-598.0166,-125.71994,-497.1851,-369.40503,-124.790016,-614.94006,-251.03944
-627.85046,-744.1721,-235.14352,-1122.6033,-124.751755,-1029.3308,-851.83246,-1145.4708,-242.27303,-249.8042
-620.6107,-123.21523,-513.9988,-126.56067,-497.16492,-479.6081,-615.6172,-892.4799,-364.82526,-124.82578
-1099.069,-1006.28577,-241.03569,-126.51153,-124.65129,-2.0725691,-372.70245,-126.015366,-1016.28345,-828.6844
-621.23267,-244.06297,-125.03403,-125.598755,-124.37688,-125.318726,-1107.7373,-489.29907,-122.934204,-364.75742
-955.03217,-237.94626,-123.457016,-889.4912,-126.058784,-2.4131155,-249.8857,-358.20184,-362.53204,-246.39525
-717.48596,-367.8657,-121.97013,-241.93466,-873.9848,-126.62177,-250.98555,-491.60785,-487.05948,-127.468414
-627.90454,-123.18111,-124.054184,-496.709,-1064.7661,-127.28698,-482.19156,-1197.5287,-727.0608,-247.32584
-1177.6206,-1443.7164,-678.8145,-126.34902,-1108.5343,-1140.1301,-125.74139,-123.67577,-246.47438,-125.94553
-847.1223,-121.67302,-492.39355,-487.11047,-357.94037,-125.94556,-125.48523,-760.7014,-0.6259513,-490.86136
-1004.81305,-749.73773,-124.65941,-127.705,-244.9911,-1117.0353,-126.587585,-368.84717,-485.41107,-123.04081
-1189.8585,-0.38826048,-125.261055,-491.65634,-249.84248,-128.19565,-126.63964,-125.39703,-757.90466,-124.731995
-626.8846,-126.15075,-690.3916,-362.7458,-119.759674,-1217.3802,-483.05182,-123.811584,-125.1077,-493.61295
-733.30115,-1.0413024,-124.140114,-743.03674,-126.00238,-127.011116,-250.64072,-605.74915,-125.985504,-247.92482
-840.2768,-240.24208,-366.96265,-620.58655,-1127.5233,-244.5866,-738.41876,-854.1662,-124.62903,-245.60625
-1072.2213,-480.90356,-668.39764,-360.73706,-125.56044,-3.1166325,-739.81635,-125.13368,-244.24904,-1.4334742
-382.7079,-639.0021,-126.39373,-2.272147,-120.295586,-1.6259382,-489.27124,-122.01505,-124.37876,-123.94879
-855.28613,-613.4099,-470.93594,-125.01527,-246.21494,-121.03453,-739.2216,-124.985344,-125.1378,-630.6154
-839.6329,-885.4196,-586.9283,-243.87984,-241.68839,-492.844,-368.2153,-125.616806,-483.89993,-0.5860268
-474.0477,-636.75885,-355.3972,-126.36347,-123.83762,-483.38565,-485.85803,-367.13876,-487.2298,-242.4187
-730.41003,-1078.439,-126.67753,-249.15256,-247.75682,-368.7168,-121.89251,-779.5509,-241.20227,-124.09411
-491.8707,-122.655594,-248.45879,-122.39826,-494.53732,-126.12426,-245.58134,-363.61234,-123.951416,-241.26624
-609.70685,-1056.976,-123.89507,-123.81781,-366.7396,-127.43717,-122.88998,-126.20706,-125.22797,-873.2622
-495.58548,-124.296486,-615.04974,-123.45154,-126.36083,-766.1742,-125.10361,-361.4936,-122.79667,-241.0478
-352.70023,-123.75364,-519.17267,-678.4649,-243.9906,-126.28589,-492.49957,-365.17953,-485.03543,-366.83597
-251.28651,-123.566864,-363.42453,-121.62091,-125.00176,-1.542368,-0.97038746,-628.0251,-248.41371,-360.33878
-604.979,-515.5001,-125.78032,-491.39783,-363.37677,-745.66565,-490.44055,-126.51124,-752.11835,-124.58742
-125.56693,-770.20654,-360.2404,-123.82155,-123.6441,-362.7091,-124.238,-244.38431,-480.82596,-363.6051
-251.85806,-1143.72,-367.656,-246.15291,-358.26993,-612.61694,-879.52893,-123.8257,-0.6790569,-239.128
-468.49728,-1038.7573,-126.06937,-125.09393,-730.22217,-243.81221,-249.84233,-635.9113,-125.72153,-122.05599
-247.33472,-122.28877,-127.184814,-125.371376,-123.89411,-126.60588,-238.58134,-243.99623,-608.03284,-366.73248
-856.3067,-119.19317,-512.7299,-357.36426,-490.15463,-362.035,-120.741,-783.79755,-734.2358,-490.40662
-119.4478,-121.31173,-128.30403,-119.847496,-121.78688,-368.73883,-125.90121,-365.84775,-124.065735,-241.63524
-753.1539,-122.45797,-242.95021,-123.65132,-241.21347,-632.65155,-126.17181,-126.028625,-363.1105,-364.33505
-123.41547,-120.75699,-242.33432,-246.69232,-234.04576,-0.9324991,-607.20734,-123.73278,-126.16355,-249.23943
-353.37274,-121.786995,-494.5439,-0.5692386,-481.87402,-126.39919,-485.80673,-125.19004,-125.90417,-242.39111
-479.05478,-237.29916,-121.89559,-369.74487,-122.44999,-364.28204,-1.4872726,-735.9084,-124.32504,-248.16707
-126.28906,-254.83493,-1.4896299,-494.82376,-595.88873,-479.9327,-1140.4264,-125.93674,-1793.351,-977.41315
-245.22316,-642.1204,-360.72263,-240.26318,-486.80197,-735.69867,-621.20123,-243.60905,-0.83414423,-583.2162
-483.12463,-124.77616,-500.92847,-124.15156,-124.9875,-598.2052,-369.1918,-122.973236,-1018.9679,-121.38533
-365.88058,-732.1236,-384.94812,-242.72809,-126.1059,-126.73317,-478.98032,-633.9524,-248.45357,-122.95801
-491.00946,-124.94138,-353.94897,-1.3881779,-125.06929,-123.5554,-1.1233646,-125.976555,-1047.8333,-124.67638
-926.79565,-368.36847,-125.13094,-235.78886,-244.18504,-125.88758,-478.58783,-124.62396,-120.309906,-239.75328
-127.43089,-126.18884,-485.16342,-248.38318,-360.67987,-367.97354,-123.21699,-121.69943,-740.85693,-832.65173
-867.3207,-124.15121,-370.70822,-126.26798,-1.1758484,-122.508255,-236.49234,-636.6553,-897.68585,-238.22507
-359.67413,-123.92943,-126.38234,-244.61284,-119.16018,-364.55832,-994.0177,-126.13657,-617.29065,-119.26689
-485.62527,-125.60216,-357.16177,-243.82178,-475.7586,-122.53276,-250.60521,-726.5852,-481.22272,-738.64355
-370.9268,-124.5159,-126.03858,-504.798,-243.3127,-0.1680261,-245.71432,-245.07771,-0.65357095,-239.885
-885.30853,-368.1327,-503.2989,-0.61903965,-246.26173,-124.39872,-123.79635,-124.77074,-360.13992,-353.01877
-595.86346,-124.10549,-124.88108,-122.08595,-126.08157,-360.70438,-1.178136,-243.48712,-354.02045,-244.73181
-479.47784,-482.4909,-120.2898,-631.8687,-237.40923,-3.3401897,-245.45422,-377.39166,-601.57477,-0.20628874
-361.4235,-0.40183535,-671.80927,-124.98032,-493.4367,-603.1651,-126.4566,-605.7616,-362.05896,-121.20529
-363.32733,-124.163124,-352.87378,-126.148834,-122.70506,-123.98112,-122.81723,-122.66975,-126.663864,-350.58014
-122.30118,-125.05539,-119.542145,-125.72779,-121.9073,-756.25195,-473.4655,-126.19743,-241.20657,-239.94447
-370.16623,-504.99768,-123.87461,-0.2049009,-244.19218,-125.14343,-1853.1139,-0.69775206,-128.14787,-480.6953
-1.6599993,-123.300896,-123.25239,-119.62281,-483.92047,-243.21843,-249.94653,-0.33535293,-125.033264,-470.9555
-127.18896,-123.32619,-1.5924096,-240.3699,-854.19403,-127.819984,-611.94385,-0.62933797,-122.22988,-239.92477
-127.0508,-122.35529,-0.8254303,-0.6588397,-485.762,-124.41282,-240.14377,-514.667,-1.5703897,-0.07788238
-610.98083,-0.5812676,-125.801254,-359.24017,-368.65448,-126.45901,-366.12354,-613.8516,-238.85803,-374.11105
-248.72319,-481.43597,-121.58834,-124.84283,-602.0955,-1.1058197,-1134.7279,-365.17764,-871.3832,-621.9359
-126.4567,-240.94547,-245.50375,-125.80894,-362.08862,-120.35005,-1415.309,-637.68524,-123.124275,-124.79452
-366.1725,-608.18396,-478.1117,-117.46407,-243.27708,-122.436035,-1.1904815,-701.2408,-123.06865,-240.5804
-125.58182,-247.24086,-506.13803,-119.53103,-125.19123,-126.122055,-364.82828,-123.7419,-126.65679,-353.22977
-124.77698,-1.0156254,-242.21907,-496.32565,-0.7819068,-496.3884,-371.11218,-611.2946,-754.4855,-123.19916
-493.40045,-0.5100276,-508.50885,-241.37218,-486.80142,-362.75626,-249.36778,-122.17006,-353.38943,-124.48002
-1.9658601,-125.608505,-532.0096,-356.28064,-635.2913,-244.71297,-123.61018,-481.57413,-963.90076,-242.66629
-625.03656,-124.20364,-244.45793,-126.44141,-610.3998,-123.16305,-122.19025,-0.8391812,-126.59293,-820.2281
-121.55183,-120.97664,-125.902855,-239.62006,-369.35928,-0.2560132,-125.93509,-121.16312,-123.155945,-121.76971
-350.3889,-698.08984,-642.5067,-119.03649,-126.676216,-124.25763,-123.82175,-599.5108,-856.32263,-350.96225
-719.06213,-246.60863,-237.53612,-497.21164,-0.6312018,-125.797,-125.24637,-123.459564,-2.579996,-121.80879
-247.09177,-125.5282,-235.86487,-0.40277198,-243.43272,-488.90125,-127.50248,-476.99658,-127.71992,-242.16002
-241.9658,-123.88245,-123.6021,-359.3107,-121.678566,-552.1129,-1511.3297,-359.70334,-123.83515,-0.45436764
-2.1611612,-241.42172,-353.4257,-123.782234,-1125.8552,-122.917435,-1.2620239,-482.15768,-368.2298,-123.35442
-365.96426,-237.8317,-0.6927633,-122.97311,-246.6237,-125.92338,-363.0009,-121.257,-744.18353,-0.17314343
-124.683174,-119.998474,-484.34174,-245.45357,-244.67549,-123.43247,-477.57013,-478.6237,-255.75539,-118.2094
-124.14929,-126.62013,-481.4996,-120.16963,-238.01561,-121.28111,-119.32548,-125.820885,-125.02523,-770.70526
-127.252716,-245.87566,-0.5852268,-512.35974,-121.41556,-1837.0433,-1.1760745,-490.64963,-1008.2328,-351.50098
-1.2478342,-365.31805,-118.90941,-124.34075,-477.92465,-598.3616,-373.80753,-487.84082,-3.440975,-364.4827
-237.4812,-0.17099707,-126.04001,-119.30698,-123.05829,-242.08118,-477.69498,-494.92117,-128.52507,-122.33581
-241.7874,-236.62657,-362.3286,-547.09375,-245.33856,-121.25737,-1200.4766,-617.356,-128.06042,-371.64258
-123.96494,-234.49687,-124.58274,-0.37653983,-355.29706,-126.00092,-245.26953,-239.65227,-121.88956,-358.43
-125.94658,-477.6275,-245.25446,-124.11529,-122.610344,-121.29007,-952.8828,-125.14375,-129.13846,-122.257645
-239.04144,-243.0823,-240.56734,-120.61085,-599.1587,-125.275215,-245.94638,-626.9546,-358.27667,-812.8803
-122.54829,-122.49738,-120.42526,-117.32792,-246.37689,-247.85017,-614.58734,-126.99696,-123.269806,-241.95796
-121.80255,-536.3988,-512.4955,-243.39809,-121.42007,-238.40436,-124.97384,-368.78204,-126.39008,-363.69513
-748.1139,-126.0992,-125.44624,-492.2429,-358.71744,-122.55115,-369.98355,-240.43282,-473.8837,-0.3949965
-603.8946,-124.30907,-237.553,-241.94388,-127.13367,-499.92496,-872.9039,-125.11021,-121.8025,-124.935455
-124.26874,-125.44639,-236.98372,-125.73472,-126.561325,-124.350426,-242.90277,-0.88790464,-123.27376,-124.622284
-125.34404,-234.33237,-121.08951,-125.554855,-371.4993,-0.12539159,-726.64716,-124.95714,-125.37445,-239.61597
-125.91534,-122.41911,-123.1209,-125.78893,-356.5106,-122.10833,-249.95145,-242.29846,-122.77343,-124.384575
-240.15558,-119.14006,-0.43424353,-123.61208,-243.1318,-371.61597,-243.60811,-125.18679,-124.07142,-242.79921
-237.05737,-124.58188,-124.41412,-235.70052,-1090.3223,-123.563286,-362.18692,-350.87384,-125.562,-0.83970404
-356.41788,-125.06011,-119.536575,-486.1218,-243.74548,-249.0958,-366.69565,-360.26382,-240.91852,-356.2822
-2.5072548,-484.39316,-125.642395,-581.9831,-122.732925,-1728.072,-123.40725,-487.86105,-127.03853,-242.75667
-126.88809,-125.37478,-361.65765,-124.61702,-125.28001,-124.76726,-613.96136,-247.4064,-362.69983,-360.78268
-123.528824,-240.5679,-242.47168,-122.21729,-125.73765,-508.80597,-121.71484,-125.715904,-123.45046,-360.63995
-239.84918,-358.2982,-0.14738101,-123.36354,-241.75082,-239.1323,-123.54301,-678.8639,-1823.568,-354.8183
-125.37963,-635.0198,-370.35034,-119.25712,-358.49136,-496.7588,-484.41147,-0.66469985,-369.8978,-243.42729
-473.18542,-242.39145,-366.87247,-125.38269,-362.0794,-1758.4729,-479.2557,-350.77103,-127.02201,-122.791084
-669.56445,-234.3056,-123.06397,-119.116455,-238.32172,-124.44928,-250.13913,-473.1843,-474.8387,-478.3089
-125.35276,-123.59139,-495.32428,-124.575195,-119.10093,-119.267525,-613.1411,-359.56396,-359.2589,-475.44873
-485.6231,-238.1618,-122.76777,-362.5917,-0.1825243,-1881.174,-248.4013,-126.312706,-1822.8112,-475.8437
-1.4111212,-499.22348,-244.14917,-661.32007,-125.82295,-358.56567,-1.3314044,-121.561676,-240.256,-351.42633
-124.35677,-242.1128,-126.58805,-358.39078,-120.76989,-237.50055,-619.83685,-123.259346,-652.91504,-606.05554
-126.8721,-123.00746,-124.19474,-117.73088,-122.84691,-780.1739,-362.41077,-357.77298,-125.85662,-360.7805
-237.60118,-125.00915,-120.81228,-361.17163,-125.07907,-353.97406,-126.02601,-120.89336,-1819.3864,-604.0052
-126.17794,-474.65158,-234.14018,-119.0428,-493.8192,-124.28892,-740.9379,-126.61539,-121.57974,-361.2994
-121.73222,-240.48862,-122.22741,-237.99265,-478.6252,-359.02737,-476.39362,-126.186005,-123.856346,-120.610115
-517.7111,-123.85984,-237.85631,-123.92333,-353.36194,-235.18849,-924.7165,-366.271,-362.47357,-362.0705
-122.6512,-354.35464,-362.94446,-119.47792,-369.85574,-503.24487,-2.025587,-120.87789,-3.2167635,-627.47424
-123.654526,-125.09391,-120.36118,-373.09238,-244.48718,-120.10377,-125.66249,-122.39757,-238.2609,-125.14212
-356.00186,-126.59634,-642.92035,-120.65218,-244.1197,-125.81255,-738.774,-121.58001,-244.91623,-358.94174
-125.43958,-582.2517,-121.387375,-124.73536,-125.83008,-126.5716,-489.76923,-349.969,-120.297585,-470.31894
-238.51596,-362.1562,-785.74805,-126.22332,-128.1199,-121.174736,-477.62772,-510.78934,-120.64259,-590.798
-123.194016,-125.3769,-0.26970246,-475.4413,-127.521736,-123.67807,-249.03265,-120.389565,-238.54459,-506.77185
-656.0579,-625.0099,-356.91425,-356.13806,-244.47665,-126.84541,-608.35095,-238.52808,-472.90234,-505.49817
-125.91089,-478.65927,-247.77701,-232.81093,-125.99315,-236.51076,-123.086914,-120.30839,-241.92284,-490.21448
-125.178825,-240.7506,-241.88794,-125.29959,-478.1933,-124.499176,-365.8374,-126.330475,-513.3039,-241.21683
-124.18086,-348.79404,-121.2148,-861.01794,-124.86513,-359.47818,-829.0257,-123.65488,-354.78903,-244.49734
-781.8896,-480.27176,-363.9486,-122.80318,-122.756134,-829.70135,-245.57153,-496.88324,-126.04801,-122.459656
-602.7436,-245.72766,-0.6137841,-526.414,-127.464066,-125.731224,-479.58066,-126.585175,-358.24362,-243.89352
-125.35651,-357.75,-0.43488097,-122.64453,-126.0459,-118.97291,-240.72025,-125.14867,-1678.2545,-0.3675821
-362.21976,-1.0506939,-479.87817,-244.20209,-120.2068,-120.65691,-751.0861,-122.94801,-650.3917,-476.26663
-476.61078,-126.36252,-124.11554,-370.10107,-241.17172,-119.38677,-245.35352,-122.26603,-123.81012,-122.542854
-358.857,-119.909615,-380.72256,-240.5324,-366.89896,-121.956,-786.65295,-614.10535,-120.42034,-233.5392
-504.68665,-476.07864,-125.685524,-123.09995,-365.0697,-125.563965,-238.68753,-117.889175,-254.65163,-0.36065793
-240.84688,-117.99677,-355.32324,-654.8366,-355.32892,-121.198586,-1.8116708,-0.7508204,-237.21819,-123.34922
-237.15434,-369.16318,-235.444,-122.298134,-2.7814326,-503.1733,-733.17456,-476.10278,-125.57607,-243.82878
-243.60353,-0.6710708,-359.2444,-126.49881,-238.99205,-484.3561,-367.94998,-502.3021,-245.95047,-630.88086
-241.13094,-496.60074,-119.14739,-125.975296,-124.8042,-841.8782,-748.43616,-120.65151,-240.9153,-359.13998
-126.867065,-356.58313,-123.657166,-232.88556,-357.27048,-486.7795,-127.03693,-488.84213,-847.19293,-237.30496
-688.0854,-509.83893,-358.1169,-350.71072,-366.54776,-0.39988172,-237.71613,-242.28593,-241.77649,-121.10227
-358.15668,-360.50632,-124.330414,-365.43097,-478.71436,-122.626015,-730.025,-618.33966,-123.14175,-232.56488
-369.3608,-121.219284,-125.86573,-124.701675,-358.98642,-373.52478,-365.33063,-1.5029331,-122.36802,-356.3092
-125.00698,-0.773509,-124.63496,-239.76247,-476.0103,-360.10696,-363.97217,-503.2583,-124.20729,-118.41174
-125.723305,-119.85787,-368.92618,-367.49982,-491.04944,-125.9719,-122.54229,-0.75444436,-369.8117,-241.00586
-122.391716,-123.990746,-122.061104,-238.95752,-757.2046,-0.1951692,-247.5872,-236.44252,-365.4368,-125.94081
-500.3492,-1.1370431,-125.968864,-370.0214,-124.57305,-1876.9332,-585.0989,-119.837296,-243.84016,-125.37413
-120.53892,-123.73001,-239.9163,-243.50906,-368.03506,-354.3248,-643.46533,-120.87285,-244.3949,-124.629715
-122.174034,-371.5433,-123.20065,-497.6488,-125.83913,-0.46697602,-770.33057,-353.0012,-242.86716,-648.7339
-123.290115,-474.0036,-241.56265,-665.6524,-358.6035,-241.37724,-248.29614,-516.8113,-1800.0444,-122.87318
-240.16638,-241.00638,-121.95369,-237.23764,-127.7228,-242.68477,-1451.0741,-122.02644,-236.77002,-124.211235
-123.7592,-244.30328,-122.62832,-125.90858,-238.27277,-587.5615,-365.02182,-122.326584,-123.009384,-0.19037844
-125.79705,-241.23915,-125.16857,-1.001868,-234.8046,-481.38394,-367.8124,-1.578371,-233.14368,-482.0657
-616.43054,-243.10976,-122.38761,-492.936,-126.51886,-568.1377,-123.158585,-554.5356,-244.5885,-354.79764
-124.19534,-123.73023,-119.10301,-125.55606,-2.215116,-240.2497,-1.9196606,-125.75717,-239.35182,-0.30276933
-626.9786,-820.2011,-122.48857,-242.5757,-244.13197,-124.61471,-245.3025,-246.20181,-128.44746,-375.70422
-481.59995,-120.94119,-121.23618,-480.46503,-123.29673,-246.53883,-244.02174,-125.89374,-237.47815,-492.50424
-352.6941,-475.69122,-126.15001,-359.93866,-368.7348,-485.97174,-126.74423,-123.47173,-244.60255,-372.37167
-607.0177,-245.04988,-240.2318,-121.90039,-795.23737,-124.94253,-617.8987,-482.96646,-243.75684,-238.89989
-126.1347,-241.64163,-124.46133,-244.30084,-126.79096,-0.15234247,-127.49017,-350.0399,-495.1622,-123.881355
-125.4697,-479.49796,-125.598404,-122.61708,-240.2117,-488.6516,-125.35781,-473.24026,-384.12238,-121.79795
-239.99217,-121.13756,-353.7597,-240.5191,-243.01831,-244.00972,-124.31255,-126.10775,-3.7702959,-644.5214
-0.7229059,-0.054702632,-123.33257,-239.29253,-128.09161,-0.8014166,-124.22691,-359.19595,-130.28062,-363.4537
-124.6859,-125.24014,-356.99802,-121.254234,-120.70994,-121.98304,-484.8774,-350.18045,-917.17834,-480.64694
-121.806526,-125.440605,-611.2297,-479.67328,-363.56433,-499.86444,-481.79608,-126.97449,-3.4030497,-555.94727
-125.46585,-479.2602,-126.73943,-236.04744,-237.12267,-124.92097,-480.02682,-239.87204,-121.23884,-349.67856
-481.41122,-356.53217,-125.75366,-362.75864,-238.56044,-241.03273,-365.7275,-487.48926,-368.5692,-125.66754
-616.905,-558.8024,-636.41486,-242.47293,-479.65936,-243.28055,-121.236694,-357.00098,-124.94011,-124.509125
-121.926956,-602.8912,-243.3985,-239.86278,-120.38055,-357.10138,-127.031364,-2.2963874,-126.73376,-369.1914
-124.331566,-120.63073,-367.53635,-123.61717,-126.49346,-239.00981,-2.0141346,-2.0339417,-128.97675,-246.11063
-367.94174,-236.06622,-482.59546,-542.0249,-122.85253,-119.81799,-480.1889,-242.66516,-122.12385,-380.78986
-122.558464,-606.8102,-241.35097,-124.239395,-2.25491,-124.35905,-475.04166,-120.55183,-123.37591,-125.604004
-238.16426,-124.09657,-366.36084,-121.09425,-124.58584,-495.8923,-121.54725,-506.151,-122.76641,-124.577354
-123.322716,-532.41626,-118.73904,-244.3447,-478.09406,-121.99737,-247.40208,-126.02807,-3.3849971,-122.5529
-236.09698,-483.5393,-497.2352,-498.4641,-245.07043,-120.064705,-607.5642,-242.14766,-126.3515,-235.98553
-121.197876,-245.2203,-368.53973,-508.4511,-123.82559,-118.988846,-367.73276,-239.71405,-128.85587,-239.12604
-241.1828,-126.43253,-125.78496,-126.80686,-127.670715,-505.566,-240.76257,-238.2574,-5.0826116,-0.3762482
-0.59318024,-126.055374,-123.66936,-476.53986,-1.3651732,-118.52806,-497.34348,-233.28856,-120.24524,-125.92295
-502.31137,-123.204155,-241.53185,-240.17987,-121.61012,-242.25136,-125.68001,-126.87054,-126.31786,-122.4472
-125.99733,-351.9241,-118.10251,-499.26663,-124.85267,-123.0645,-1.2383912,-355.8222,-352.48962,-126.95787
-489.95667,-1.050427,-235.16176,-549.11743,-238.54802,-124.56658,-126.31635,-123.3506,-127.81656,-127.226295
-123.64802,-124.88075,-558.36884,-124.21347,-123.22087,-121.93971,-246.66594,-236.24815,-124.58195,-488.50314
-472.04965,-241.60275,-526.1761,-496.82175,-368.04858,-125.72339,-252.31477,-124.03249,-127.79098,-125.105774
-121.81347,-366.68594,-247.17366,-125.405,-123.678856,-123.11025,-123.57225,-127.71987,-241.34119,-243.83798
-659.3583,-123.939735,-0.76696277,-364.03955,-487.0018,-122.118744,-481.98355,-353.69745,-123.10301,-119.30859
-363.52646,-517.37305,-353.2566,-658.9056,-482.0317,-365.8495,-370.28928,-360.4283,-242.42874,-125.967575
-483.01254,-119.62931,-123.52818,-122.94075,-124.796555,-375.8556,-125.466125,-239.15814,-125.34216,-357.3799
-362.032,-602.84906,-0.532963,-511.2948,-705.9857,-0.8544247,-369.92596,-126.919044,-502.08527,-126.37431
-602.9183,-365.41135,-125.16759,-366.02475,-237.75461,-119.33392,-126.34444,-123.75769,-235.31207,-124.62657
-366.66226,-356.7073,-624.7423,-124.94401,-373.84802,-120.193634,-238.37051,-126.555405,-1.1875391,-122.81671
-355.5458,-125.93326,-121.240456,-121.92806,-121.21222,-240.6793,-122.63801,-123.08854,-245.99663,-125.89574
-124.26769,-356.04276,-118.49026,-365.58414,-127.16317,-126.03846,-124.00889,-120.39934,-125.68399,-368.29236
-123.360176,-246.96512,-124.08669,-238.10965,-242.46591,-0.691271,-242.03087,-568.33246,-124.281815,-235.45012
-477.24976,-126.74232,-528.72363,-1900.103,-241.27957,-126.00692,-124.186966,-123.9019,-628.2808,-239.61421
-121.267815,-124.91981,-243.43419,-119.30858,-1.7178439,-242.48323,-244.50427,-233.7634,-126.61807,-605.8216
-630.2167,-237.65294,-121.73764,-650.6656,-362.29077,-120.30184,-121.543655,-236.17422,-128.02705,-129.02888
-124.05156,-245.29308,-0.2944224,-126.69759,-498.32037,-126.1694,-247.07611,-125.74199,-122.474075,-124.457695
-123.53516,-124.63232,-368.04724,-243.57831,-240.54805,-355.97232,-120.97083,-539.8764,-353.6691,-123.109505
-120.18982,-490.93414,-126.16622,-238.81339,-2.5094287,-475.4305,-123.5221,-481.4492,-125.25704,-480.6338
-367.27756,-244.41446,-124.604706,-243.88632,-120.85035,-121.22572,-128.54372,-363.41516,-3.5870388,-370.11444
-236.37741,-507.55008,-124.57833,-1228.4667,-493.56772,-479.31946,-127.51434,-510.3566,-368.52664,-364.7673
-123.19301,-122.82053,-124.8033,-357.64642,-480.63132,-124.65912,-240.44781,-352.36,-586.28894,-474.42484
-374.1851,-356.20203,-483.9612,-481.53146,-127.68395,-359.09076,-509.4371,-1.7928838,-121.345535,-125.93692
-125.10575,-126.41939,-238.99399,-242.066,-124.46133,-126.67871,-607.3688,-120.41163,-569.5093,-367.83398
-244.90274,-119.32793,-498.8222,-119.55031,-120.4842,-125.587975,-122.8343,-125.3811,-352.36816,-123.693794
-122.47631,-123.1651,-487.23538,-357.07306,-358.31503,-241.65569,-489.94366,-481.17978,-605.60596,-359.68924
-234.04526,-123.009346,-125.18739,-239.97089,-125.0345,-119.70019,-369.38577,-236.4207,-352.16498,-118.91166
-2.033394,-367.50024,-124.02045,-360.97318,-635.81866,-367.99133,-1.2447189,-242.17683,-119.739456,-126.302
-353.3748,-124.37864,-240.75835,-122.950745,-128.73666,-665.282,-246.34923,-236.16501,-709.3683,-125.60121
-126.34545,-351.98157,-485.7027,-358.3854,-123.16435,-361.77548,-120.92301,-244.27966,-119.00991,-238.60606
-358.50604,-236.06812,-125.204,-489.06613,-246.8456,-125.121666,-370.63202,-632.27875,-125.460884,-470.0568
-499.34293,-476.2389,-121.24062,-525.8473,-481.6449,-357.68637,-364.22202,-125.96091,-235.3507,-123.662964
-741.72473,-245.1885,-803.509,-121.9311,-234.98607,-352.6407,-2.0866299,-126.640854,-122.44722,-0.33340564
-359.34152,-240.88876,-120.08042,-351.0332,-237.06462,-512.97034,-369.12735,-588.03986,-371.90692,-124.310165
-121.36879,-125.77709,-241.77963,-124.21812,-121.97838,-242.62086,-362.2216,-127.288,-0.31307423,-124.49556
-125.531555,-0.13416764,-480.26562,-125.50462,-127.22031,-364.32755,-365.74213,-119.688675,-360.2595,-127.35553
-238.6655,-502.32416,-125.06293,-473.8552,-125.83029,-125.33907,-122.02109,-358.3387,-125.70469,-245.68422
-603.41724,-123.09173,-493.77155,-122.91712,-125.113014,-1.267565,-488.14844,-126.37833,-125.55789,-122.653175
-123.121346,-483.11755,-763.8651,-361.55536,-238.98581,-125.264496,-245.30743,-124.74515,-126.85519,-360.02536
-472.6565,-123.16889,-125.74046,-123.805595,-122.89395,-125.955734,-126.829056,-125.616035,-124.10431,-119.75746
-123.7019,-122.384384,-474.8187,-123.50562,-125.30166,-355.2746,-360.28833,-125.1726,-583.28876,-122.567795
-121.0967,-242.7619,-234.56158,-369.78384,-474.264,-123.21559,-245.75414,-485.32492,-121.053795,-124.92713
-122.17777,-557.401,-124.36247,-124.61005,-128.58978,-501.94144,-126.073784,-362.49924,-237.865,-127.38319
-126.3409,-121.474365,-124.78541,-371.70688,-123.12305,-122.23948,-360.95886,-357.06595,-119.65438,-124.77124
-363.77466,-472.79272,-371.13382,-123.755844,-604.6409,-480.4604,-126.54053,-125.47357,-373.28738,-1.8522589
-238.71877,-360.13818,-127.39395,-485.89688,-128.01324,-361.39508,-122.183365,-536.3314,-361.03265,-506.70193
-124.3625,-473.46127,-0.81276155,-125.54807,-124.688835,-126.09507,-480.97592,-124.611305,-125.64615,-126.95673
-126.52859,-354.06808,-353.87488,-0.6160364,-123.36062,-126.07666,-357.0556,-124.882935,-359.5287,-127.24063
-124.43962,-241.50035,-236.73483,-361.54813,-125.6339,-236.72105,-125.53912,-127.3097,-237.52153,-127.70592
-126.58805,-612.09863,-474.4328,-126.66122,-2.462854,-126.431366,-363.15192,-475.87427,-119.51385,-126.65926
-539.45703,-238.06973,-123.314316,-472.5809,-688.6641,-123.7282,-635.1672,-1.5510026,-484.8653,-121.53011
-233.27367,-118.2347,-121.59289,-236.70721,-354.6527,-126.22151,-355.39594,-362.03424,-128.9426,-121.43396
-356.38922,-124.83964,-124.09948,-0.400142,-124.325386,-245.62096,-243.24754,-629.2691,-128.76024,-124.8128
-366.5905,-559.6364,-485.06717,-123.69558,-361.9083,-242.42494,-123.98154,-119.30048,-128.55237,-122.51018
-126.50936,-352.23044,-357.40628,-124.83614,-120.025764,-123.96,-242.62788,-354.73563,-355.13565,-2.6531875
-121.746864,-0.55893725,-370.40015,-242.466,-234.75937,-495.46768,-637.09937,-488.4759,-126.19928,-3.32647
-360.06448,-492.74472,-240.78204,-519.2641,-360.83188,-241.26062,-126.09498,-126.81676,-240.75955,-121.83051
-476.3799,-514.4578,-494.93512,-501.3998,-128.1261,-120.55352,-127.0199,-122.276344,-477.92465,-249.60936
-237.46756,-241.23682,-2.5830498,-594.42285,-123.22353,-239.64626,-126.99388,-241.2743,-1.025684,-485.93536
-595.93713,-121.14993,-361.80478,-366.0215,-609.03217,-363.55127,-496.55295,-129.30055,-0.44136456,-360.39346
-478.3903,-360.62747,-236.31189,-125.847046,-236.77716,-361.17303,-126.49127,-126.73252,-232.67815,-124.89824
-354.79672,-481.69678,-125.332825,-355.2621,-125.84387,-236.69096,-126.285095,-356.64923,-124.16845,-244.38663
-123.49085,-362.66443,-2.3283288,-122.809944,-119.06584,-120.54724,-243.47215,-125.8292,-371.91025,-126.818794
-235.73888,-123.79997,-481.93216,-653.54663,-123.54283,-624.46436,-238.9896,-485.61496,-362.4282,-127.178345
-773.1731,-600.76654,-124.46186,-475.0595,-496.30432,-1.181361,-495.597,-585.17664,-356.0845,-360.0335
-121.44985,-119.9561,-242.71823,-351.34067,-1.513178,-514.91077,-364.9071,-126.876205,-125.96228,-124.0419
-0.73689693,-126.054,-237.71481,-355.36435,-124.0999,-498.42072,-245.98041,-523.488,-236.08656,-1.4004185
-491.89374,-122.765915,-241.78902,-126.37472,-235.90796,-125.190056,-123.69086,-358.02362,-118.13822,-126.68361
-494.0874,-242.70226,-239.1785,-123.528755,-243.22755,-365.27325,-1.9528145,-625.5559,-123.945305,-125.380035
-486.0412,-1.2265748,-126.4908,-1.1216359,-733.882,-237.28754,-4.2692413,-4.127545,-563.0044,-366.18884
-123.811066,-126.25459,-631.4506,-1.5262243,-360.63934,-240.57567,-378.49258,-368.3893,-361.31238,-516.26215
-124.97107,-614.5447,-0.6859082,-125.35361,-591.4897,-477.8044,-991.5398,-4.788687,-125.70881,-124.48415
-478.60822,-359.1413,-0.67082196,-122.6434,-351.60947,-514.4407,-663.63275,-126.51762,-234.9992,-359.27414
-125.84296,-238.13481,-125.77941,-126.47332,-126.3046,-239.28995,-126.50427,-367.6914,-577.47107,-121.98446
-360.15427,-124.894394,-124.16858,-486.05722,-127.43735,-488.315,-120.07063,-235.10559,-127.12871,-359.6919
-123.129395,-649.21387,-0.4447288,-0.79424053,-124.24612,-125.57303,-508.04352,-239.21022,-242.64528,-518.6432
-241.75984,-120.879166,-818.1736,-355.09738,-125.35431,-125.58366,-669.1358,-486.85855,-486.52838,-124.9543
-120.06436,-236.11192,-125.80035,-353.6607,-236.27184,-244.15013,-708.67615,-242.23717,-243.30498,-242.13959
-235.25566,-119.214775,-124.375885,-122.2224,-123.250084,-122.60403,-360.56766,-121.974625,-238.6358,-667.2084
-369.0709,-124.02873,-368.5102,-565.23676,-484.12292,-566.7474,-575.011,-128.08212,-476.50732,-127.587555
-240.8781,-468.5304,-120.607895,-1.6973438,-244.26021,-244.50908,-358.79614,-241.63792,-124.93219,-653.3785
-360.31482,-126.9145,-537.55133,-125.445045,-356.41205,-242.71373,-469.997,-368.1188,-118.76106,-3.3666484
-121.159195,-125.45634,-0.38481393,-368.0683,-237.31697,-242.19873,-366.74664,-486.35873,-123.705956,-237.96342
-123.093765,-123.62409,-122.62452,-484.42612,-243.69136,-123.20359,-124.16811,-126.57772,-124.202,-361.21548
-122.324875,-366.50323,-2.5602698,-121.96346,-127.55507,-124.92953,-125.11938,-121.61589,-636.66125,-125.73032
-238.76346,-522.6447,-241.6749,-117.59628,-238.11049,-0.37887195,-121.22681,-123.7858,-240.89558,-486.457
-120.9569,-0.43536225,-0.5670036,-124.84545,-126.21193,-242.50912,-353.67593,-119.80268,-582.1052,-2.6821213
-243.2769,-123.09417,-123.207924,-0.7391395,-244.8851,-611.7139,-1.45675,-121.48407,-361.53622,-128.3738
-126.24816,-351.80392,-241.31845,-488.8618,-122.899734,-660.22736,-367.19104,-240.98328,-124.854195,-355.0572
-126.15536,-246.00418,-125.88851,-125.57174,-0.80577105,-124.95189,-357.9357,-125.47062,-126.153336,-241.79175
-122.16458,-121.0043,-239.12328,-124.64197,-2.807868,-371.8889,-127.07297,-355.42606,-124.489456,-359.48184
-619.12885,-127.42349,-125.873604,-237.76697,-128.97064,-122.5045,-127.37197,-121.922646,-356.90277,-127.72911
-237.85178,-469.32852,-1.7601281,-125.860214,-491.13727,-496.0226,-1.626029,-509.77057,-124.44465,-127.20128
-122.395004,-352.89645,-356.68756,-501.80295,-126.9627,-120.43298,-493.87253,-621.8202,-359.00882,-127.71145
-237.18713,-126.052414,-120.4887,-1.0934376,-234.84341,-120.476105,-123.98949,-127.162704,-240.14026,-562.9168
-123.3802,-121.54391,-122.23435,-522.34937,-1.9633359,-633.21216,-2.9381409,-3.9397652,-119.534874,-362.05078
-477.98627,-238.36322,-591.9577,-361.9208,-123.874596,-360.8246,-243.54686,-496.57486,-0.937436,-125.00629
-662.2994,-234.98105,-1.1661706,-369.4406,-489.00766,-369.93512,-361.03915,-478.96,-239.16055,-612.4626
-123.34122,-487.8702,-123.52883,-636.35693,-356.58618,-121.75579,-127.54478,-361.18643,-125.75513,-239.80037
-123.77204,-123.06516,-360.13367,-475.70578,-241.22865,-631.67664,-358.61008,-130.25003,-237.34695,-377.02798
-478.3656,-127.814804,-120.97009,-562.01,-496.81058,-362.59616,-123.02476,-245.39307,-486.94772,-2.4902077
-241.41272,-125.541504,-125.92556,-123.09047,-127.85885,-241.00185,-122.18764,-239.18568,-125.64565,-241.7128
-126.12128,-615.70886,-121.90892,-494.74692,-127.12599,-124.43737,-239.8815,-118.63778,-239.92474,-121.27373
-123.631714,-121.912544,-242.68686,-1.3450855,-501.8419,-120.28267,-122.27618,-565.3634,-241.7962,-244.88089
-121.54543,-566.2985,-2.4081805,-244.59827,-355.2629,-246.32881,-125.10077,-122.13944,-123.60977,-359.84665
-240.15604,-125.47311,-126.270004,-635.73584,-489.20587,-599.8794,-235.01472,-120.319725,-237.99677,-384.25726
-356.56982,-126.40145,-126.962456,-124.82975,-123.24481,-129.73506,-124.12544,-119.82425,-365.28647,-357.14627
-360.9541,-124.04702,-371.41476,-583.0969,-247.13133,-3.9952307,-2.724148,-366.79633,-2.4305358,-358.56546
-243.45712,-123.4119,-362.76102,-366.73035,-562.5482,-368.52072,-125.32155,-248.72462,-121.07584,-518.14417
-369.23447,-353.18378,-123.86671,-494.15433,-363.54752,-127.35432,-590.05975,-123.94416,-489.9419,-127.51426
-241.75809,-119.42511,-244.32678,-358.20166,-364.1364,-125.45893,-4.5607724,-633.3512,-240.8192,-499.52634
-0.6472232,-120.42017,-513.7261,-121.38018,-126.53502,-121.468796,-124.09045,-2.3175502,-119.310905,-122.80371
-366.07922,-123.70559,-123.42509,-123.50881,-122.38797,-4.8838305,-126.452286,-501.9007,-123.74584,-597.08386
-121.76436,-126.94024,-126.92302,-122.314865,-359.46902,-4.5622015,-480.56488,-127.15896,-124.08408,-477.5936
-364.12344,-465.83408,-367.81808,-121.20248,-589.0496,-126.34846,-492.32532,-242.39069,-0.06609886,-125.97449
-362.37292,-126.488335,-0.7579643,-126.5679,-127.822845,-487.11288,-127.22428,-127.571304,-659.3724,-612.1915
-368.77106,-243.82207,-637.2446,-126.45996,-122.606476,-237.78773,-127.4159,-128.5902,-126.46978,-239.69638
-236.13454,-0.6250374,-122.94842,-350.24838,-363.2221,-594.01074,-4.583642,-245.08195,-122.03042,-127.01765
-240.49927,-362.31674,-594.7527,-0.58963674,-370.18396,-120.968704,-362.7562,-124.39858,-617.07477,-127.08584
-513.4618,-122.22047,-1.1194417,-349.89835,-483.09018,-474.57123,-569.40894,-123.36485,-0.9899372,-238.33984
-121.43184,-476.90744,-121.98845,-358.70346,-249.80904,-245.17073,-3.6566856,-368.87515,-237.70844,-123.222496
-125.79812,-122.75382,-367.2514,-125.0403,-3.281468,-0.34284365,-126.03419,-123.65455,-234.76074,-517.30286
-1.0403124,-120.9345,-238.7856,-242.55325,-124.64875,-125.53992,-478.3567,-122.98335,-240.08194,-475.73892
-859.814,-119.88021,-612.7038,-610.7759,-2.3898387,-124.11478,-475.8615,-237.183,-241.89894,-634.78394
-238.81871,-0.73285294,-125.550224,-490.8541,-588.19904,-0.8632882,-246.7734,-590.54584,-476.05725,-123.7576
-232.9742,-120.63628,-126.14034,-126.44411,-120.8157,-478.87695,-123.808914,-124.75303,-123.64184,-122.90499
-121.03974,-242.57979,-124.31038,-240.88562,-241.73311,-367.522,-123.540794,-238.00807,-233.73306,-242.91042
-237.26152,-120.78013,-476.77466,-492.88562,-479.64157,-244.70818,-123.99516,-128.02246,-354.35922,-122.876884
-120.01352,-237.66397,-490.56332,-243.8908,-126.8184,-362.84583,-127.22637,-237.01463,-124.486305,-373.66443
-242.39551,-124.172035,-119.96708,-244.42241,-237.05685,-240.06923,-243.49884,-248.4391,-124.20693,-244.26187
